Autoscout24;160314;"<iframe frameborder="0" marginwidth="0" marginheight="0" scrolling="NO" width="160" height="600" src="http://tags.qservz.com/adi/761/6439/37427?sz=160x600&rnd=${CACHEBUSTER}&click3rd=${CLICK_URL}"></iframe>";600;160
Autoscout24;160314;"<iframe frameborder="0" marginwidth="0" marginheight="0" scrolling="NO" width="300" height="250" src="http://tags.qservz.com/adi/761/6439/37428?sz=300x250&rnd=${CACHEBUSTER}&click3rd=${CLICK_URL}"></iframe>";250;300
Autoscout24;160314;"<iframe frameborder="0" marginwidth="0" marginheight="0" scrolling="NO" width="728" height="90" src="http://tags.qservz.com/adi/761/6439/37429?sz=728x90&rnd=${CACHEBUSTER}&click3rd=${CLICK_URL}"></iframe>";90;728
billiger.de;145403;"<iframe frameborder="0" marginwidth="0" marginheight="0" scrolling="NO" width="160" height="600" src="http://tags.qservz.com/adi/761/6439/37430?sz=160x600&rnd=${CACHEBUSTER}&click3rd=${CLICK_URL}"></iframe>";600;160
billiger.de;145403;"<iframe frameborder="0" marginwidth="0" marginheight="0" scrolling="NO" width="300" height="250" src="http://tags.qservz.com/adi/761/6439/37431?sz=300x250&rnd=${CACHEBUSTER}&click3rd=${CLICK_URL}"></iframe>";250;300
billiger.de;145403;"<iframe frameborder="0" marginwidth="0" marginheight="0" scrolling="NO" width="728" height="90" src="http://tags.qservz.com/adi/761/6439/37432?sz=728x90&rnd=${CACHEBUSTER}&click3rd=${CLICK_URL}"></iframe>";90;728
BM familie.de;145459;"<iframe frameborder="0" marginwidth="0" marginheight="0" scrolling="NO" width="160" height="600" src="http://tags.qservz.com/adi/761/6439/37433?sz=160x600&rnd=${CACHEBUSTER}&click3rd=${CLICK_URL}"></iframe>";600;160
BM familie.de;145459;"<iframe frameborder="0" marginwidth="0" marginheight="0" scrolling="NO" width="300" height="250" src="http://tags.qservz.com/adi/761/6439/37434?sz=300x250&rnd=${CACHEBUSTER}&click3rd=${CLICK_URL}"></iframe>";250;300
BM familie.de;145459;"<iframe frameborder="0" marginwidth="0" marginheight="0" scrolling="NO" width="728" height="90" src="http://tags.qservz.com/adi/761/6439/37435?sz=728x90&rnd=${CACHEBUSTER}&click3rd=${CLICK_URL}"></iframe>";90;728
BM fuerSie.de;145460;"<iframe frameborder="0" marginwidth="0" marginheight="0" scrolling="NO" width="160" height="600" src="http://tags.qservz.com/adi/761/6439/37436?sz=160x600&rnd=${CACHEBUSTER}&click3rd=${CLICK_URL}"></iframe>";600;160
BM fuerSie.de;145460;"<iframe frameborder="0" marginwidth="0" marginheight="0" scrolling="NO" width="300" height="250" src="http://tags.qservz.com/adi/761/6439/37437?sz=300x250&rnd=${CACHEBUSTER}&click3rd=${CLICK_URL}"></iframe>";250;300
BM fuerSie.de;145460;"<iframe frameborder="0" marginwidth="0" marginheight="0" scrolling="NO" width="728" height="90" src="http://tags.qservz.com/adi/761/6439/37438?sz=728x90&rnd=${CACHEBUSTER}&click3rd=${CLICK_URL}"></iframe>";90;728
BM jolie.de;145462;"<iframe frameborder="0" marginwidth="0" marginheight="0" scrolling="NO" width="160" height="600" src="http://tags.qservz.com/adi/761/6439/37439?sz=160x600&rnd=${CACHEBUSTER}&click3rd=${CLICK_URL}"></iframe>";600;160
BM jolie.de;145462;"<iframe frameborder="0" marginwidth="0" marginheight="0" scrolling="NO" width="300" height="250" src="http://tags.qservz.com/adi/761/6439/37440?sz=300x250&rnd=${CACHEBUSTER}&click3rd=${CLICK_URL}"></iframe>";250;300
BM jolie.de;145462;"<iframe frameborder="0" marginwidth="0" marginheight="0" scrolling="NO" width="728" height="90" src="http://tags.qservz.com/adi/761/6439/37441?sz=728x90&rnd=${CACHEBUSTER}&click3rd=${CLICK_URL}"></iframe>";90;728
BM maedchen.de;145465;"<iframe frameborder="0" marginwidth="0" marginheight="0" scrolling="NO" width="160" height="600" src="http://tags.qservz.com/adi/761/6439/37442?sz=160x600&rnd=${CACHEBUSTER}&click3rd=${CLICK_URL}"></iframe>";600;160
BM maedchen.de;145465;"<iframe frameborder="0" marginwidth="0" marginheight="0" scrolling="NO" width="300" height="250" src="http://tags.qservz.com/adi/761/6439/37443?sz=300x250&rnd=${CACHEBUSTER}&click3rd=${CLICK_URL}"></iframe>";250;300
BM maedchen.de;145465;"<iframe frameborder="0" marginwidth="0" marginheight="0" scrolling="NO" width="728" height="90" src="http://tags.qservz.com/adi/761/6439/37444?sz=728x90&rnd=${CACHEBUSTER}&click3rd=${CLICK_URL}"></iframe>";90;728
BM starflash.de;145468;"<iframe frameborder="0" marginwidth="0" marginheight="0" scrolling="NO" width="160" height="600" src="http://tags.qservz.com/adi/761/6439/37445?sz=160x600&rnd=${CACHEBUSTER}&click3rd=${CLICK_URL}"></iframe>";600;160
BM starflash.de;145468;"<iframe frameborder="0" marginwidth="0" marginheight="0" scrolling="NO" width="300" height="250" src="http://tags.qservz.com/adi/761/6439/37446?sz=300x250&rnd=${CACHEBUSTER}&click3rd=${CLICK_URL}"></iframe>";250;300
BM starflash.de;145468;"<iframe frameborder="0" marginwidth="0" marginheight="0" scrolling="NO" width="728" height="90" src="http://tags.qservz.com/adi/761/6439/37447?sz=728x90&rnd=${CACHEBUSTER}&click3rd=${CLICK_URL}"></iframe>";90;728
bunte.de;145471;"<iframe frameborder="0" marginwidth="0" marginheight="0" scrolling="NO" width="160" height="600" src="http://tags.qservz.com/adi/761/6439/37448?sz=160x600&rnd=${CACHEBUSTER}&click3rd=${CLICK_URL}"></iframe>";600;160
bunte.de;145471;"<iframe frameborder="0" marginwidth="0" marginheight="0" scrolling="NO" width="300" height="250" src="http://tags.qservz.com/adi/761/6439/37449?sz=300x250&rnd=${CACHEBUSTER}&click3rd=${CLICK_URL}"></iframe>";250;300
bunte.de;145471;"<iframe frameborder="0" marginwidth="0" marginheight="0" scrolling="NO" width="728" height="90" src="http://tags.qservz.com/adi/761/6439/37450?sz=728x90&rnd=${CACHEBUSTER}&click3rd=${CLICK_URL}"></iframe>";90;728
del.org;296015;"<iframe frameborder="0" marginwidth="0" marginheight="0" scrolling="NO" width="160" height="600" src="http://tags.qservz.com/adi/761/6439/37451?sz=160x600&rnd=${CACHEBUSTER}&click3rd=${CLICK_URL}"></iframe>";600;160
del.org;296015;"<iframe frameborder="0" marginwidth="0" marginheight="0" scrolling="NO" width="300" height="250" src="http://tags.qservz.com/adi/761/6439/37452?sz=300x250&rnd=${CACHEBUSTER}&click3rd=${CLICK_URL}"></iframe>";250;300
del.org;296015;"<iframe frameborder="0" marginwidth="0" marginheight="0" scrolling="NO" width="728" height="90" src="http://tags.qservz.com/adi/761/6439/37453?sz=728x90&rnd=${CACHEBUSTER}&click3rd=${CLICK_URL}"></iframe>";90;728
FGS chirurgie-portal.de;145475;"<iframe frameborder="0" marginwidth="0" marginheight="0" scrolling="NO" width="160" height="600" src="http://tags.qservz.com/adi/761/6439/37454?sz=160x600&rnd=${CACHEBUSTER}&click3rd=${CLICK_URL}"></iframe>";600;160
FGS chirurgie-portal.de;145475;"<iframe frameborder="0" marginwidth="0" marginheight="0" scrolling="NO" width="300" height="250" src="http://tags.qservz.com/adi/761/6439/37455?sz=300x250&rnd=${CACHEBUSTER}&click3rd=${CLICK_URL}"></iframe>";250;300
FGS chirurgie-portal.de;145475;"<iframe frameborder="0" marginwidth="0" marginheight="0" scrolling="NO" width="728" height="90" src="http://tags.qservz.com/adi/761/6439/37456?sz=728x90&rnd=${CACHEBUSTER}&click3rd=${CLICK_URL}"></iframe>";90;728
FriendScout24;145496;"<iframe frameborder="0" marginwidth="0" marginheight="0" scrolling="NO" width="160" height="600" src="http://tags.qservz.com/adi/761/6439/37457?sz=160x600&rnd=${CACHEBUSTER}&click3rd=${CLICK_URL}"></iframe>";600;160
FriendScout24;145496;"<iframe frameborder="0" marginwidth="0" marginheight="0" scrolling="NO" width="300" height="250" src="http://tags.qservz.com/adi/761/6439/37458?sz=300x250&rnd=${CACHEBUSTER}&click3rd=${CLICK_URL}"></iframe>";250;300
FriendScout24;145496;"<iframe frameborder="0" marginwidth="0" marginheight="0" scrolling="NO" width="728" height="90" src="http://tags.qservz.com/adi/761/6439/37459?sz=728x90&rnd=${CACHEBUSTER}&click3rd=${CLICK_URL}"></iframe>";90;728
fussball.de;145497;"<iframe frameborder="0" marginwidth="0" marginheight="0" scrolling="NO" width="160" height="600" src="http://tags.qservz.com/adi/761/6439/37461?sz=160x600&rnd=${CACHEBUSTER}&click3rd=${CLICK_URL}"></iframe>";600;160
fussball.de;145497;"<iframe frameborder="0" marginwidth="0" marginheight="0" scrolling="NO" width="300" height="250" src="http://tags.qservz.com/adi/761/6439/37462?sz=300x250&rnd=${CACHEBUSTER}&click3rd=${CLICK_URL}"></iframe>";250;300
fussball.de;145497;"<iframe frameborder="0" marginwidth="0" marginheight="0" scrolling="NO" width="728" height="90" src="http://tags.qservz.com/adi/761/6439/37463?sz=728x90&rnd=${CACHEBUSTER}&click3rd=${CLICK_URL}"></iframe>";90;728
GF_Cosmiq.de;157249;"<iframe frameborder="0" marginwidth="0" marginheight="0" scrolling="NO" width="160" height="600" src="http://tags.qservz.com/adi/761/6439/37464?sz=160x600&rnd=${CACHEBUSTER}&click3rd=${CLICK_URL}"></iframe>";600;160
GF_Cosmiq.de;157249;"<iframe frameborder="0" marginwidth="0" marginheight="0" scrolling="NO" width="300" height="250" src="http://tags.qservz.com/adi/761/6439/37465?sz=300x250&rnd=${CACHEBUSTER}&click3rd=${CLICK_URL}"></iframe>";250;300
GF_Cosmiq.de;157249;"<iframe frameborder="0" marginwidth="0" marginheight="0" scrolling="NO" width="728" height="90" src="http://tags.qservz.com/adi/761/6439/37466?sz=728x90&rnd=${CACHEBUSTER}&click3rd=${CLICK_URL}"></iframe>";90;728
GF_GuteFrage.net;157247;"<iframe frameborder="0" marginwidth="0" marginheight="0" scrolling="NO" width="160" height="600" src="http://tags.qservz.com/adi/761/6439/37467?sz=160x600&rnd=${CACHEBUSTER}&click3rd=${CLICK_URL}"></iframe>";600;160
GF_GuteFrage.net;157247;"<iframe frameborder="0" marginwidth="0" marginheight="0" scrolling="NO" width="300" height="250" src="http://tags.qservz.com/adi/761/6439/37468?sz=300x250&rnd=${CACHEBUSTER}&click3rd=${CLICK_URL}"></iframe>";250;300
GF_GuteFrage.net;157247;"<iframe frameborder="0" marginwidth="0" marginheight="0" scrolling="NO" width="728" height="90" src="http://tags.qservz.com/adi/761/6439/37469?sz=728x90&rnd=${CACHEBUSTER}&click3rd=${CLICK_URL}"></iframe>";90;728
GF_Helpster.de;157248;"<iframe frameborder="0" marginwidth="0" marginheight="0" scrolling="NO" width="160" height="600" src="http://tags.qservz.com/adi/761/6439/37470?sz=160x600&rnd=${CACHEBUSTER}&click3rd=${CLICK_URL}"></iframe>";600;160
GF_Helpster.de;157248;"<iframe frameborder="0" marginwidth="0" marginheight="0" scrolling="NO" width="300" height="250" src="http://tags.qservz.com/adi/761/6439/37471?sz=300x250&rnd=${CACHEBUSTER}&click3rd=${CLICK_URL}"></iframe>";250;300
GF_Helpster.de;157248;"<iframe frameborder="0" marginwidth="0" marginheight="0" scrolling="NO" width="728" height="90" src="http://tags.qservz.com/adi/761/6439/37472?sz=728x90&rnd=${CACHEBUSTER}&click3rd=${CLICK_URL}"></iframe>";90;728
GF_pointoo.de;157250;"<iframe frameborder="0" marginwidth="0" marginheight="0" scrolling="NO" width="160" height="600" src="http://tags.qservz.com/adi/761/6439/37473?sz=160x600&rnd=${CACHEBUSTER}&click3rd=${CLICK_URL}"></iframe>";600;160
GF_pointoo.de;157250;"<iframe frameborder="0" marginwidth="0" marginheight="0" scrolling="NO" width="300" height="250" src="http://tags.qservz.com/adi/761/6439/37474?sz=300x250&rnd=${CACHEBUSTER}&click3rd=${CLICK_URL}"></iframe>";250;300
GF_pointoo.de;157250;"<iframe frameborder="0" marginwidth="0" marginheight="0" scrolling="NO" width="728" height="90" src="http://tags.qservz.com/adi/761/6439/37475?sz=728x90&rnd=${CACHEBUSTER}&click3rd=${CLICK_URL}"></iframe>";90;728
GRIN Verlag Hausarbeiten.de;145502;"<iframe frameborder="0" marginwidth="0" marginheight="0" scrolling="NO" width="160" height="600" src="http://tags.qservz.com/adi/761/6439/37476?sz=160x600&rnd=${CACHEBUSTER}&click3rd=${CLICK_URL}"></iframe>";600;160
GRIN Verlag Hausarbeiten.de;145502;"<iframe frameborder="0" marginwidth="0" marginheight="0" scrolling="NO" width="300" height="250" src="http://tags.qservz.com/adi/761/6439/37477?sz=300x250&rnd=${CACHEBUSTER}&click3rd=${CLICK_URL}"></iframe>";250;300
GRIN Verlag Hausarbeiten.de;145502;"<iframe frameborder="0" marginwidth="0" marginheight="0" scrolling="NO" width="728" height="90" src="http://tags.qservz.com/adi/761/6439/37478?sz=728x90&rnd=${CACHEBUSTER}&click3rd=${CLICK_URL}"></iframe>";90;728
immoscout24 extern;149733;"<iframe frameborder="0" marginwidth="0" marginheight="0" scrolling="NO" width="160" height="600" src="http://tags.qservz.com/adi/761/6439/37479?sz=160x600&rnd=${CACHEBUSTER}&click3rd=${CLICK_URL}"></iframe>";600;160
immoscout24 extern;149733;"<iframe frameborder="0" marginwidth="0" marginheight="0" scrolling="NO" width="300" height="250" src="http://tags.qservz.com/adi/761/6439/37480?sz=300x250&rnd=${CACHEBUSTER}&click3rd=${CLICK_URL}"></iframe>";250;300
immoscout24 extern;149733;"<iframe frameborder="0" marginwidth="0" marginheight="0" scrolling="NO" width="728" height="90" src="http://tags.qservz.com/adi/761/6439/37481?sz=728x90&rnd=${CACHEBUSTER}&click3rd=${CLICK_URL}"></iframe>";90;728
kicker.de;145509;"<iframe frameborder="0" marginwidth="0" marginheight="0" scrolling="NO" width="160" height="600" src="http://tags.qservz.com/adi/761/6439/37482?sz=160x600&rnd=${CACHEBUSTER}&click3rd=${CLICK_URL}"></iframe>";600;160
kicker.de;145509;"<iframe frameborder="0" marginwidth="0" marginheight="0" scrolling="NO" width="300" height="250" src="http://tags.qservz.com/adi/761/6439/37483?sz=300x250&rnd=${CACHEBUSTER}&click3rd=${CLICK_URL}"></iframe>";250;300
kicker.de;145509;"<iframe frameborder="0" marginwidth="0" marginheight="0" scrolling="NO" width="728" height="90" src="http://tags.qservz.com/adi/761/6439/37484?sz=728x90&rnd=${CACHEBUSTER}&click3rd=${CLICK_URL}"></iframe>";90;728
Knuddels.de;145516;"<iframe frameborder="0" marginwidth="0" marginheight="0" scrolling="NO" width="160" height="600" src="http://tags.qservz.com/adi/761/6439/37485?sz=160x600&rnd=${CACHEBUSTER}&click3rd=${CLICK_URL}"></iframe>";600;160
Knuddels.de;145516;"<iframe frameborder="0" marginwidth="0" marginheight="0" scrolling="NO" width="300" height="250" src="http://tags.qservz.com/adi/761/6439/37486?sz=300x250&rnd=${CACHEBUSTER}&click3rd=${CLICK_URL}"></iframe>";250;300
Knuddels.de;145516;"<iframe frameborder="0" marginwidth="0" marginheight="0" scrolling="NO" width="728" height="90" src="http://tags.qservz.com/adi/761/6439/37487?sz=728x90&rnd=${CACHEBUSTER}&click3rd=${CLICK_URL}"></iframe>";90;728
laola1.at;296020;"<iframe frameborder="0" marginwidth="0" marginheight="0" scrolling="NO" width="160" height="600" src="http://tags.qservz.com/adi/761/6439/37488?sz=160x600&rnd=${CACHEBUSTER}&click3rd=${CLICK_URL}"></iframe>";600;160
laola1.at;296020;"<iframe frameborder="0" marginwidth="0" marginheight="0" scrolling="NO" width="300" height="250" src="http://tags.qservz.com/adi/761/6439/37489?sz=300x250&rnd=${CACHEBUSTER}&click3rd=${CLICK_URL}"></iframe>";250;300
laola1.at;296020;"<iframe frameborder="0" marginwidth="0" marginheight="0" scrolling="NO" width="728" height="90" src="http://tags.qservz.com/adi/761/6439/37490?sz=728x90&rnd=${CACHEBUSTER}&click3rd=${CLICK_URL}"></iframe>";90;728
laola1.tv;296021;"<iframe frameborder="0" marginwidth="0" marginheight="0" scrolling="NO" width="160" height="600" src="http://tags.qservz.com/adi/761/6439/37491?sz=160x600&rnd=${CACHEBUSTER}&click3rd=${CLICK_URL}"></iframe>";600;160
laola1.tv;296021;"<iframe frameborder="0" marginwidth="0" marginheight="0" scrolling="NO" width="300" height="250" src="http://tags.qservz.com/adi/761/6439/37492?sz=300x250&rnd=${CACHEBUSTER}&click3rd=${CLICK_URL}"></iframe>";250;300
laola1.tv;296021;"<iframe frameborder="0" marginwidth="0" marginheight="0" scrolling="NO" width="728" height="90" src="http://tags.qservz.com/adi/761/6439/37493?sz=728x90&rnd=${CACHEBUSTER}&click3rd=${CLICK_URL}"></iframe>";90;728
mydoc;149509;"<iframe frameborder="0" marginwidth="0" marginheight="0" scrolling="NO" width="160" height="600" src="http://tags.qservz.com/adi/761/6439/37494?sz=160x600&rnd=${CACHEBUSTER}&click3rd=${CLICK_URL}"></iframe>";600;160
mydoc;149509;"<iframe frameborder="0" marginwidth="0" marginheight="0" scrolling="NO" width="300" height="250" src="http://tags.qservz.com/adi/761/6439/37495?sz=300x250&rnd=${CACHEBUSTER}&click3rd=${CLICK_URL}"></iframe>";250;300
mydoc;149509;"<iframe frameborder="0" marginwidth="0" marginheight="0" scrolling="NO" width="728" height="90" src="http://tags.qservz.com/adi/761/6439/37496?sz=728x90&rnd=${CACHEBUSTER}&click3rd=${CLICK_URL}"></iframe>";90;728
NetDoktor.de;171131;"<iframe frameborder="0" marginwidth="0" marginheight="0" scrolling="NO" width="160" height="600" src="http://tags.qservz.com/adi/761/6439/37497?sz=160x600&rnd=${CACHEBUSTER}&click3rd=${CLICK_URL}"></iframe>";600;160
NetDoktor.de;171131;"<iframe frameborder="0" marginwidth="0" marginheight="0" scrolling="NO" width="300" height="250" src="http://tags.qservz.com/adi/761/6439/37498?sz=300x250&rnd=${CACHEBUSTER}&click3rd=${CLICK_URL}"></iframe>";250;300
NetDoktor.de;171131;"<iframe frameborder="0" marginwidth="0" marginheight="0" scrolling="NO" width="728" height="90" src="http://tags.qservz.com/adi/761/6439/37499?sz=728x90&rnd=${CACHEBUSTER}&click3rd=${CLICK_URL}"></iframe>";90;728
Netzwelt.de;170743;"<iframe frameborder="0" marginwidth="0" marginheight="0" scrolling="NO" width="160" height="600" src="http://tags.qservz.com/adi/761/6439/37500?sz=160x600&rnd=${CACHEBUSTER}&click3rd=${CLICK_URL}"></iframe>";600;160
Netzwelt.de;170743;"<iframe frameborder="0" marginwidth="0" marginheight="0" scrolling="NO" width="300" height="250" src="http://tags.qservz.com/adi/761/6439/37501?sz=300x250&rnd=${CACHEBUSTER}&click3rd=${CLICK_URL}"></iframe>";250;300
Netzwelt.de;170743;"<iframe frameborder="0" marginwidth="0" marginheight="0" scrolling="NO" width="728" height="90" src="http://tags.qservz.com/adi/761/6439/37502?sz=728x90&rnd=${CACHEBUSTER}&click3rd=${CLICK_URL}"></iframe>";90;728
scienceblogs.de;329372;"<iframe frameborder="0" marginwidth="0" marginheight="0" scrolling="NO" width="160" height="600" src="http://tags.qservz.com/adi/761/6439/37503?sz=160x600&rnd=${CACHEBUSTER}&click3rd=${CLICK_URL}"></iframe>";600;160
scienceblogs.de;329372;"<iframe frameborder="0" marginwidth="0" marginheight="0" scrolling="NO" width="300" height="250" src="http://tags.qservz.com/adi/761/6439/37504?sz=300x250&rnd=${CACHEBUSTER}&click3rd=${CLICK_URL}"></iframe>";250;300
scienceblogs.de;329372;"<iframe frameborder="0" marginwidth="0" marginheight="0" scrolling="NO" width="728" height="90" src="http://tags.qservz.com/adi/761/6439/37505?sz=728x90&rnd=${CACHEBUSTER}&click3rd=${CLICK_URL}"></iframe>";90;728
T-Online Auto;145538;"<iframe frameborder="0" marginwidth="0" marginheight="0" scrolling="NO" width="160" height="600" src="http://tags.qservz.com/adi/761/6439/37506?sz=160x600&rnd=${CACHEBUSTER}&click3rd=${CLICK_URL}"></iframe>";600;160
T-Online Auto;145538;"<iframe frameborder="0" marginwidth="0" marginheight="0" scrolling="NO" width="300" height="250" src="http://tags.qservz.com/adi/761/6439/37507?sz=300x250&rnd=${CACHEBUSTER}&click3rd=${CLICK_URL}"></iframe>";250;300
T-Online Auto;145538;"<iframe frameborder="0" marginwidth="0" marginheight="0" scrolling="NO" width="728" height="90" src="http://tags.qservz.com/adi/761/6439/37508?sz=728x90&rnd=${CACHEBUSTER}&click3rd=${CLICK_URL}"></iframe>";90;728
T-Online Digital;145540;"<iframe frameborder="0" marginwidth="0" marginheight="0" scrolling="NO" width="160" height="600" src="http://tags.qservz.com/adi/761/6439/37509?sz=160x600&rnd=${CACHEBUSTER}&click3rd=${CLICK_URL}"></iframe>";600;160
T-Online Digital;145540;"<iframe frameborder="0" marginwidth="0" marginheight="0" scrolling="NO" width="300" height="250" src="http://tags.qservz.com/adi/761/6439/37510?sz=300x250&rnd=${CACHEBUSTER}&click3rd=${CLICK_URL}"></iframe>";250;300
T-Online Digital;145540;"<iframe frameborder="0" marginwidth="0" marginheight="0" scrolling="NO" width="728" height="90" src="http://tags.qservz.com/adi/761/6439/37511?sz=728x90&rnd=${CACHEBUSTER}&click3rd=${CLICK_URL}"></iframe>";90;728
T-Online Eltern;145554;"<iframe frameborder="0" marginwidth="0" marginheight="0" scrolling="NO" width="160" height="600" src="http://tags.qservz.com/adi/761/6439/37512?sz=160x600&rnd=${CACHEBUSTER}&click3rd=${CLICK_URL}"></iframe>";600;160
T-Online Eltern;145554;"<iframe frameborder="0" marginwidth="0" marginheight="0" scrolling="NO" width="300" height="250" src="http://tags.qservz.com/adi/761/6439/37513?sz=300x250&rnd=${CACHEBUSTER}&click3rd=${CLICK_URL}"></iframe>";250;300
T-Online Eltern;145554;"<iframe frameborder="0" marginwidth="0" marginheight="0" scrolling="NO" width="728" height="90" src="http://tags.qservz.com/adi/761/6439/37514?sz=728x90&rnd=${CACHEBUSTER}&click3rd=${CLICK_URL}"></iframe>";90;728
T-Online E-Mail-Center;145558;"<iframe frameborder="0" marginwidth="0" marginheight="0" scrolling="NO" width="160" height="600" src="http://tags.qservz.com/adi/761/6439/37515?sz=160x600&rnd=${CACHEBUSTER}&click3rd=${CLICK_URL}"></iframe>";600;160
T-Online E-Mail-Center;145558;"<iframe frameborder="0" marginwidth="0" marginheight="0" scrolling="NO" width="300" height="250" src="http://tags.qservz.com/adi/761/6439/37516?sz=300x250&rnd=${CACHEBUSTER}&click3rd=${CLICK_URL}"></iframe>";250;300
T-Online E-Mail-Center;145558;"<iframe frameborder="0" marginwidth="0" marginheight="0" scrolling="NO" width="728" height="90" src="http://tags.qservz.com/adi/761/6439/37517?sz=728x90&rnd=${CACHEBUSTER}&click3rd=${CLICK_URL}"></iframe>";90;728
T-Online feelGreen;145559;"<iframe frameborder="0" marginwidth="0" marginheight="0" scrolling="NO" width="160" height="600" src="http://tags.qservz.com/adi/761/6439/37518?sz=160x600&rnd=${CACHEBUSTER}&click3rd=${CLICK_URL}"></iframe>";600;160
T-Online feelGreen;145559;"<iframe frameborder="0" marginwidth="0" marginheight="0" scrolling="NO" width="300" height="250" src="http://tags.qservz.com/adi/761/6439/37519?sz=300x250&rnd=${CACHEBUSTER}&click3rd=${CLICK_URL}"></iframe>";250;300
T-Online feelGreen;145559;"<iframe frameborder="0" marginwidth="0" marginheight="0" scrolling="NO" width="728" height="90" src="http://tags.qservz.com/adi/761/6439/37520?sz=728x90&rnd=${CACHEBUSTER}&click3rd=${CLICK_URL}"></iframe>";90;728
T-Online Fotografie;145536;"<iframe frameborder="0" marginwidth="0" marginheight="0" scrolling="NO" width="160" height="600" src="http://tags.qservz.com/adi/761/6439/37522?sz=160x600&rnd=${CACHEBUSTER}&click3rd=${CLICK_URL}"></iframe>";600;160
T-Online Fotografie;145536;"<iframe frameborder="0" marginwidth="0" marginheight="0" scrolling="NO" width="300" height="250" src="http://tags.qservz.com/adi/761/6439/37523?sz=300x250&rnd=${CACHEBUSTER}&click3rd=${CLICK_URL}"></iframe>";250;300
T-Online Fotografie;145536;"<iframe frameborder="0" marginwidth="0" marginheight="0" scrolling="NO" width="728" height="90" src="http://tags.qservz.com/adi/761/6439/37524?sz=728x90&rnd=${CACHEBUSTER}&click3rd=${CLICK_URL}"></iframe>";90;728
T-Online Homepage;145560;"<iframe frameborder="0" marginwidth="0" marginheight="0" scrolling="NO" width="160" height="600" src="http://tags.qservz.com/adi/761/6439/37525?sz=160x600&rnd=${CACHEBUSTER}&click3rd=${CLICK_URL}"></iframe>";600;160
T-Online Homepage;145560;"<iframe frameborder="0" marginwidth="0" marginheight="0" scrolling="NO" width="300" height="250" src="http://tags.qservz.com/adi/761/6439/37526?sz=300x250&rnd=${CACHEBUSTER}&click3rd=${CLICK_URL}"></iframe>";250;300
T-Online Homepage;145560;"<iframe frameborder="0" marginwidth="0" marginheight="0" scrolling="NO" width="728" height="90" src="http://tags.qservz.com/adi/761/6439/37527?sz=728x90&rnd=${CACHEBUSTER}&click3rd=${CLICK_URL}"></iframe>";90;728
T-Online Lifestyle;145563;"<iframe frameborder="0" marginwidth="0" marginheight="0" scrolling="NO" width="160" height="600" src="http://tags.qservz.com/adi/761/6439/37528?sz=160x600&rnd=${CACHEBUSTER}&click3rd=${CLICK_URL}"></iframe>";600;160
T-Online Lifestyle;145563;"<iframe frameborder="0" marginwidth="0" marginheight="0" scrolling="NO" width="300" height="250" src="http://tags.qservz.com/adi/761/6439/37529?sz=300x250&rnd=${CACHEBUSTER}&click3rd=${CLICK_URL}"></iframe>";250;300
T-Online Lifestyle;145563;"<iframe frameborder="0" marginwidth="0" marginheight="0" scrolling="NO" width="728" height="90" src="http://tags.qservz.com/adi/761/6439/37530?sz=728x90&rnd=${CACHEBUSTER}&click3rd=${CLICK_URL}"></iframe>";90;728
T-Online Nachrichten;145566;"<iframe frameborder="0" marginwidth="0" marginheight="0" scrolling="NO" width="160" height="600" src="http://tags.qservz.com/adi/761/6439/37531?sz=160x600&rnd=${CACHEBUSTER}&click3rd=${CLICK_URL}"></iframe>";600;160
T-Online Nachrichten;145566;"<iframe frameborder="0" marginwidth="0" marginheight="0" scrolling="NO" width="300" height="250" src="http://tags.qservz.com/adi/761/6439/37532?sz=300x250&rnd=${CACHEBUSTER}&click3rd=${CLICK_URL}"></iframe>";250;300
T-Online Nachrichten;145566;"<iframe frameborder="0" marginwidth="0" marginheight="0" scrolling="NO" width="728" height="90" src="http://tags.qservz.com/adi/761/6439/37533?sz=728x90&rnd=${CACHEBUSTER}&click3rd=${CLICK_URL}"></iframe>";90;728
T-Online Ratgeber;145569;"<iframe frameborder="0" marginwidth="0" marginheight="0" scrolling="NO" width="160" height="600" src="http://tags.qservz.com/adi/761/6439/37534?sz=160x600&rnd=${CACHEBUSTER}&click3rd=${CLICK_URL}"></iframe>";600;160
T-Online Ratgeber;145569;"<iframe frameborder="0" marginwidth="0" marginheight="0" scrolling="NO" width="300" height="250" src="http://tags.qservz.com/adi/761/6439/37535?sz=300x250&rnd=${CACHEBUSTER}&click3rd=${CLICK_URL}"></iframe>";250;300
T-Online Ratgeber;145569;"<iframe frameborder="0" marginwidth="0" marginheight="0" scrolling="NO" width="728" height="90" src="http://tags.qservz.com/adi/761/6439/37536?sz=728x90&rnd=${CACHEBUSTER}&click3rd=${CLICK_URL}"></iframe>";90;728
T-Online Regionales;145570;"<iframe frameborder="0" marginwidth="0" marginheight="0" scrolling="NO" width="160" height="600" src="http://tags.qservz.com/adi/761/6439/37537?sz=160x600&rnd=${CACHEBUSTER}&click3rd=${CLICK_URL}"></iframe>";600;160
T-Online Regionales;145570;"<iframe frameborder="0" marginwidth="0" marginheight="0" scrolling="NO" width="300" height="250" src="http://tags.qservz.com/adi/761/6439/37538?sz=300x250&rnd=${CACHEBUSTER}&click3rd=${CLICK_URL}"></iframe>";250;300
T-Online Regionales;145570;"<iframe frameborder="0" marginwidth="0" marginheight="0" scrolling="NO" width="728" height="90" src="http://tags.qservz.com/adi/761/6439/37539?sz=728x90&rnd=${CACHEBUSTER}&click3rd=${CLICK_URL}"></iframe>";90;728
T-Online Regionales;145570;"<iframe frameborder="0" marginwidth="0" marginheight="0" scrolling="NO" width="160" height="600" src="http://tags.qservz.com/adi/761/6439/37540?sz=160x600&rnd=${CACHEBUSTER}&click3rd=${CLICK_URL}"></iframe>";600;160
T-Online Regionales;145570;"<iframe frameborder="0" marginwidth="0" marginheight="0" scrolling="NO" width="300" height="250" src="http://tags.qservz.com/adi/761/6439/37541?sz=300x250&rnd=${CACHEBUSTER}&click3rd=${CLICK_URL}"></iframe>";250;300
T-Online Regionales;145570;"<iframe frameborder="0" marginwidth="0" marginheight="0" scrolling="NO" width="728" height="90" src="http://tags.qservz.com/adi/761/6439/37542?sz=728x90&rnd=${CACHEBUSTER}&click3rd=${CLICK_URL}"></iframe>";90;728
T-Online Spiele;145585;"<iframe frameborder="0" marginwidth="0" marginheight="0" scrolling="NO" width="160" height="600" src="http://tags.qservz.com/adi/761/6439/37543?sz=160x600&rnd=${CACHEBUSTER}&click3rd=${CLICK_URL}"></iframe>";600;160
T-Online Spiele;145585;"<iframe frameborder="0" marginwidth="0" marginheight="0" scrolling="NO" width="300" height="250" src="http://tags.qservz.com/adi/761/6439/37544?sz=300x250&rnd=${CACHEBUSTER}&click3rd=${CLICK_URL}"></iframe>";250;300
T-Online Spiele;145585;"<iframe frameborder="0" marginwidth="0" marginheight="0" scrolling="NO" width="728" height="90" src="http://tags.qservz.com/adi/761/6439/37545?sz=728x90&rnd=${CACHEBUSTER}&click3rd=${CLICK_URL}"></iframe>";90;728
T-Online Sport;145592;"<iframe frameborder="0" marginwidth="0" marginheight="0" scrolling="NO" width="160" height="600" src="http://tags.qservz.com/adi/761/6439/37546?sz=160x600&rnd=${CACHEBUSTER}&click3rd=${CLICK_URL}"></iframe>";600;160
T-Online Sport;145592;"<iframe frameborder="0" marginwidth="0" marginheight="0" scrolling="NO" width="300" height="250" src="http://tags.qservz.com/adi/761/6439/37547?sz=300x250&rnd=${CACHEBUSTER}&click3rd=${CLICK_URL}"></iframe>";250;300
T-Online Sport;145592;"<iframe frameborder="0" marginwidth="0" marginheight="0" scrolling="NO" width="728" height="90" src="http://tags.qservz.com/adi/761/6439/37548?sz=728x90&rnd=${CACHEBUSTER}&click3rd=${CLICK_URL}"></iframe>";90;728
T-Online Tanken;186702;"<iframe frameborder="0" marginwidth="0" marginheight="0" scrolling="NO" width="160" height="600" src="http://tags.qservz.com/adi/761/6439/37549?sz=160x600&rnd=${CACHEBUSTER}&click3rd=${CLICK_URL}"></iframe>";600;160
T-Online Tanken;186702;"<iframe frameborder="0" marginwidth="0" marginheight="0" scrolling="NO" width="300" height="250" src="http://tags.qservz.com/adi/761/6439/37550?sz=300x250&rnd=${CACHEBUSTER}&click3rd=${CLICK_URL}"></iframe>";250;300
T-Online Tanken;186702;"<iframe frameborder="0" marginwidth="0" marginheight="0" scrolling="NO" width="728" height="90" src="http://tags.qservz.com/adi/761/6439/37551?sz=728x90&rnd=${CACHEBUSTER}&click3rd=${CLICK_URL}"></iframe>";90;728
T-Online Tarife und Produkte;145583;"<iframe frameborder="0" marginwidth="0" marginheight="0" scrolling="NO" width="160" height="600" src="http://tags.qservz.com/adi/761/6439/37552?sz=160x600&rnd=${CACHEBUSTER}&click3rd=${CLICK_URL}"></iframe>";600;160
T-Online Tarife und Produkte;145583;"<iframe frameborder="0" marginwidth="0" marginheight="0" scrolling="NO" width="300" height="250" src="http://tags.qservz.com/adi/761/6439/37553?sz=300x250&rnd=${CACHEBUSTER}&click3rd=${CLICK_URL}"></iframe>";250;300
T-Online Tarife und Produkte;145583;"<iframe frameborder="0" marginwidth="0" marginheight="0" scrolling="NO" width="728" height="90" src="http://tags.qservz.com/adi/761/6439/37554?sz=728x90&rnd=${CACHEBUSTER}&click3rd=${CLICK_URL}"></iframe>";90;728
T-Online TV;295083;"<iframe frameborder="0" marginwidth="0" marginheight="0" scrolling="NO" width="160" height="600" src="http://tags.qservz.com/adi/761/6439/37555?sz=160x600&rnd=${CACHEBUSTER}&click3rd=${CLICK_URL}"></iframe>";600;160
T-Online TV;295083;"<iframe frameborder="0" marginwidth="0" marginheight="0" scrolling="NO" width="300" height="250" src="http://tags.qservz.com/adi/761/6439/37556?sz=300x250&rnd=${CACHEBUSTER}&click3rd=${CLICK_URL}"></iframe>";250;300
T-Online TV;295083;"<iframe frameborder="0" marginwidth="0" marginheight="0" scrolling="NO" width="728" height="90" src="http://tags.qservz.com/adi/761/6439/37557?sz=728x90&rnd=${CACHEBUSTER}&click3rd=${CLICK_URL}"></iframe>";90;728
T-Online Unterhaltung;145613;"<iframe frameborder="0" marginwidth="0" marginheight="0" scrolling="NO" width="160" height="600" src="http://tags.qservz.com/adi/761/6439/37558?sz=160x600&rnd=${CACHEBUSTER}&click3rd=${CLICK_URL}"></iframe>";600;160
T-Online Unterhaltung;145613;"<iframe frameborder="0" marginwidth="0" marginheight="0" scrolling="NO" width="300" height="250" src="http://tags.qservz.com/adi/761/6439/37559?sz=300x250&rnd=${CACHEBUSTER}&click3rd=${CLICK_URL}"></iframe>";250;300
T-Online Unterhaltung;145613;"<iframe frameborder="0" marginwidth="0" marginheight="0" scrolling="NO" width="728" height="90" src="http://tags.qservz.com/adi/761/6439/37560?sz=728x90&rnd=${CACHEBUSTER}&click3rd=${CLICK_URL}"></iframe>";90;728
T-Online wanted.de;145618;"<iframe frameborder="0" marginwidth="0" marginheight="0" scrolling="NO" width="160" height="600" src="http://tags.qservz.com/adi/761/6439/37561?sz=160x600&rnd=${CACHEBUSTER}&click3rd=${CLICK_URL}"></iframe>";600;160
T-Online wanted.de;145618;"<iframe frameborder="0" marginwidth="0" marginheight="0" scrolling="NO" width="300" height="250" src="http://tags.qservz.com/adi/761/6439/37562?sz=300x250&rnd=${CACHEBUSTER}&click3rd=${CLICK_URL}"></iframe>";250;300
T-Online wanted.de;145618;"<iframe frameborder="0" marginwidth="0" marginheight="0" scrolling="NO" width="728" height="90" src="http://tags.qservz.com/adi/761/6439/37563?sz=728x90&rnd=${CACHEBUSTER}&click3rd=${CLICK_URL}"></iframe>";90;728
T-Online Wetter;145620;"<iframe frameborder="0" marginwidth="0" marginheight="0" scrolling="NO" width="160" height="600" src="http://tags.qservz.com/adi/761/6439/37564?sz=160x600&rnd=${CACHEBUSTER}&click3rd=${CLICK_URL}"></iframe>";600;160
T-Online Wetter;145620;"<iframe frameborder="0" marginwidth="0" marginheight="0" scrolling="NO" width="300" height="250" src="http://tags.qservz.com/adi/761/6439/37565?sz=300x250&rnd=${CACHEBUSTER}&click3rd=${CLICK_URL}"></iframe>";250;300
T-Online Wetter;145620;"<iframe frameborder="0" marginwidth="0" marginheight="0" scrolling="NO" width="728" height="90" src="http://tags.qservz.com/adi/761/6439/37566?sz=728x90&rnd=${CACHEBUSTER}&click3rd=${CLICK_URL}"></iframe>";90;728
T-Online Wirtschaft;145693;"<iframe frameborder="0" marginwidth="0" marginheight="0" scrolling="NO" width="160" height="600" src="http://tags.qservz.com/adi/761/6439/37567?sz=160x600&rnd=${CACHEBUSTER}&click3rd=${CLICK_URL}"></iframe>";600;160
T-Online Wirtschaft;145693;"<iframe frameborder="0" marginwidth="0" marginheight="0" scrolling="NO" width="300" height="250" src="http://tags.qservz.com/adi/761/6439/37568?sz=300x250&rnd=${CACHEBUSTER}&click3rd=${CLICK_URL}"></iframe>";250;300
T-Online Wirtschaft;145693;"<iframe frameborder="0" marginwidth="0" marginheight="0" scrolling="NO" width="728" height="90" src="http://tags.qservz.com/adi/761/6439/37569?sz=728x90&rnd=${CACHEBUSTER}&click3rd=${CLICK_URL}"></iframe>";90;728
T-Online zuhause.de;145695;"<iframe frameborder="0" marginwidth="0" marginheight="0" scrolling="NO" width="160" height="600" src="http://tags.qservz.com/adi/761/6439/37570?sz=160x600&rnd=${CACHEBUSTER}&click3rd=${CLICK_URL}"></iframe>";600;160
T-Online zuhause.de;145695;"<iframe frameborder="0" marginwidth="0" marginheight="0" scrolling="NO" width="300" height="250" src="http://tags.qservz.com/adi/761/6439/37571?sz=300x250&rnd=${CACHEBUSTER}&click3rd=${CLICK_URL}"></iframe>";250;300
T-Online zuhause.de;145695;"<iframe frameborder="0" marginwidth="0" marginheight="0" scrolling="NO" width="728" height="90" src="http://tags.qservz.com/adi/761/6439/37572?sz=728x90&rnd=${CACHEBUSTER}&click3rd=${CLICK_URL}"></iframe>";90;728
wetter.info;145700;"<iframe frameborder="0" marginwidth="0" marginheight="0" scrolling="NO" width="160" height="600" src="http://tags.qservz.com/adi/761/6439/37573?sz=160x600&rnd=${CACHEBUSTER}&click3rd=${CLICK_URL}"></iframe>";600;160
wetter.info;145700;"<iframe frameborder="0" marginwidth="0" marginheight="0" scrolling="NO" width="300" height="250" src="http://tags.qservz.com/adi/761/6439/37574?sz=300x250&rnd=${CACHEBUSTER}&click3rd=${CLICK_URL}"></iframe>";250;300
wetter.info;145700;"<iframe frameborder="0" marginwidth="0" marginheight="0" scrolling="NO" width="728" height="90" src="http://tags.qservz.com/adi/761/6439/37575?sz=728x90&rnd=${CACHEBUSTER}&click3rd=${CLICK_URL}"></iframe>";90;728
wissen.de;329373;"<iframe frameborder="0" marginwidth="0" marginheight="0" scrolling="NO" width="160" height="600" src="http://tags.qservz.com/adi/761/6439/37576?sz=160x600&rnd=${CACHEBUSTER}&click3rd=${CLICK_URL}"></iframe>";600;160
wissen.de;329373;"<iframe frameborder="0" marginwidth="0" marginheight="0" scrolling="NO" width="300" height="250" src="http://tags.qservz.com/adi/761/6439/37577?sz=300x250&rnd=${CACHEBUSTER}&click3rd=${CLICK_URL}"></iframe>";250;300
wissen.de;329373;"<iframe frameborder="0" marginwidth="0" marginheight="0" scrolling="NO" width="728" height="90" src="http://tags.qservz.com/adi/761/6439/37578?sz=728x90&rnd=${CACHEBUSTER}&click3rd=${CLICK_URL}"></iframe>";90;728
